"BROKEN","EPIC","FAILED","FEATURE","PASSED","SKIPPED","STORY","UNKNOWN"
"0","","0","Accessibility","18","0","","0"
"0","","0","Session & security","36","0","","0"
"0","","0","Network","9","3","","0"
"0","","0","Login","60","3","","0"
"0","","0","Inventory","33","0","","0"
"0","","0","Special users","63","42","","0"
"0","","0","Checkout","39","0","","0"
"0","","0","Product detail","30","0","","0"
"0","","0","Checkout calculations","12","0","","0"
"0","","0","End-to-end purchase","24","0","","0"
"0","","0","","7","0","","0"
"0","","0","Cart","27","0","","0"
"0","","0","Visual regression","6","6","","0"
