"DESCRIPTION","DURATION IN MS","NAME","PARENT SUITE","START TIME","STATUS","STOP TIME","SUB SUITE","SUITE","TEST CLASS","TEST METHOD"
"","53","test_product_images_are_valid[chromium-performance_glitch_user]","tests","2026-10-09","passed","2026-10-09","","test_special_users","",""
"","170","test_login_successful_all_valid_users[webkit-visual_user]","tests","2026-10-09","passed","2026-10-09","","test_login","",""
"","67","test_product_images_are_valid[firefox-performance_glitch_user]","tests","2026-10-09","passed","2026-10-09","","test_special_users","",""
"","448","test_order_can_be_completed[chromium-backpack-performance_glitch_user]","tests","2026-10-09","passed","2026-10-09","","test_special_users","",""
"","65","test_all_products_have_valid_prices[chromium]","tests","2026-10-09","passed","2026-10-09","","test_inventory","",""
"","1","test_transient_errors_do_not_disable_analyzer","tests.unit","2026-10-09","passed","2026-10-09","","test_failure_analyzer","",""
"","563","test_login_successful_all_valid_users[firefox-standard_user]","tests","2026-10-09","passed","2026-10-09","","test_login","",""
"","758","test_every_product_can_be_added_to_cart[webkit-performance_glitch_user]","tests","2026-10-09","passed","2026-10-09","","test_special_users","",""
"Saucedemo performs no format validation; these inputs must reach the overview.","300","test_checkout_accepts_unusual_input[chromium-very-long-values]","tests","2026-10-09","passed","2026-10-09","","test_checkout_negative","",""
"","563","test_protected_route_requires_login[chromium-/checkout-step-one.html]","tests","2026-10-09","passed","2026-10-09","","test_session","",""
"","366","test_checkout_form_keeps_entered_values[chromium-problem_user]","tests","2026-10-09","skipped","2026-10-09","","test_special_users","",""
"","286","test_remove_item_from_inventory[chromium]","tests","2026-10-09","passed","2026-10-09","","test_inventory","",""
"","531","test_protected_route_requires_login[chromium-/checkout-complete.html]","tests","2026-10-09","passed","2026-10-09","","test_session","",""
"","192","test_checkout_cancel_from_info_page[firefox]","tests","2026-10-09","passed","2026-10-09","","test_checkout_negative","",""
"","74","test_inventory_prices_match_catalog[firefox-problem_user]","tests","2026-10-09","passed","2026-10-09","","test_special_users","",""
"","339","test_detail_page_direct_link[webkit]","tests","2026-10-09","passed","2026-10-09","","test_product_detail","",""
"","305","test_login_successful_all_valid_users[chromium-standard_user]","tests","2026-10-09","passed","2026-10-09","","test_login","",""
"","5256","test_login_successful_all_valid_users[webkit-performance_glitch_user]","tests","2026-10-09","passed","2026-10-09","","test_login","",""
"","524","test_add_to_cart_from_detail_page[webkit]","tests","2026-10-09","passed","2026-10-09","","test_product_detail","",""
"","9202","test_inventory_looks_like_standard_user[firefox-problem_user]","tests","2026-10-09","skipped","2026-10-09","","test_visual","",""
"","103","test_sort_by_price_high_to_low[chromium-error_user]","tests","2026-10-09","skipped","2026-10-09","","test_special_users","",""
"","149","test_login_successful_all_valid_users[webkit-error_user]","tests","2026-10-09","passed","2026-10-09","","test_login","",""
"Data-driven negative login scenarios loaded from data/login_cases.json.","386","test_login_rejected[firefox-empty-password]","tests","2026-10-09","passed","2026-10-09","","test_login","",""
"","5635","test_sort_by_price_high_to_low[firefox-performance_glitch_user]","tests","2026-10-09","passed","2026-10-09","","test_special_users","",""
"","9631","test_order_can_be_completed[firefox-backpack-error_user]","tests","2026-10-09","skipped","2026-10-09","","test_special_users","",""
"","120","test_product_detail_matches_catalog[webkit-sauce-labs-onesie]","tests","2026-10-09","passed","2026-10-09","","test_product_detail","",""
"","62","test_product_images_are_valid[chromium-visual_user]","tests","2026-10-09","skipped","2026-10-09","","test_special_users","",""
"Saucedemo performs no format validation; these inputs must reach the overview.","253","test_checkout_accepts_unusual_input[chromium-special-characters]","tests","2026-10-09","passed","2026-10-09","","test_checkout_negative","",""
"","360","test_navigate_to_cart_from_inventory[firefox]","tests","2026-10-09","passed","2026-10-09","","test_inventory","",""
"","568","test_remove_all_items_from_cart[firefox]","tests","2026-10-09","passed","2026-10-09","","test_cart","",""
"The shop must stay usable when images fail to load (slow CDN, data saver).","1603","test_purchase_works_with_images_blocked[chromium]","tests","2026-10-09","passed","2026-10-09","","test_network","",""
"","162","test_product_detail_matches_catalog[webkit-sauce-labs-fleece-jacket]","tests","2026-10-09","passed","2026-10-09","","test_product_detail","",""
"","1","test_authentication_error_disables_analyzer","tests.unit","2026-10-09","passed","2026-10-09","","test_failure_analyzer","",""
"Data-driven negative login scenarios loaded from data/login_cases.json.","108","test_login_rejected[webkit-empty-password]","tests","2026-10-09","passed","2026-10-09","","test_login","",""
"","572","test_product_can_be_removed_from_inventory[firefox-standard_user]","tests","2026-10-09","passed","2026-10-09","","test_special_users","",""
"","795","test_complete_purchase_verify_payment_calculation[webkit]","tests","2026-10-09","passed","2026-10-09","","test_complete_purchase_full","",""
"","103","test_checkout_cancel_from_overview_page[webkit]","tests","2026-10-09","passed","2026-10-09","","test_checkout_negative","",""
"","146","test_checkout_cancel_from_info_page[chromium]","tests","2026-10-09","passed","2026-10-09","","test_checkout_negative","",""
"","293","test_product_detail_matches_catalog[firefox-sauce-labs-backpack]","tests","2026-10-09","passed","2026-10-09","","test_product_detail","",""
"","277","test_checkout_form_keeps_entered_values[chromium-performance_glitch_user]","tests","2026-10-09","passed","2026-10-09","","test_special_users","",""
"","322","test_add_single_item_to_cart[firefox]","tests","2026-10-09","passed","2026-10-09","","test_inventory","",""
"","35","test_cart_displays_added_items[webkit]","tests","2026-10-09","passed","2026-10-09","","test_cart","",""
"","898","test_protected_route_requires_login[firefox-/cart.html]","tests","2026-10-09","passed","2026-10-09","","test_session","",""
"","324","test_detail_page_direct_link[chromium]","tests","2026-10-09","passed","2026-10-09","","test_product_detail","",""
"","1307","test_protected_route_requires_login[firefox-/checkout-step-one.html]","tests","2026-10-09","passed","2026-10-09","","test_session","",""
"","87","test_inventory_prices_match_catalog[webkit-standard_user]","tests","2026-10-09","passed","2026-10-09","","test_special_users","",""
"","463","test_protected_route_requires_login[chromium-/checkout-step-two.html]","tests","2026-10-09","passed","2026-10-09","","test_session","",""
"","170","test_product_can_be_removed_from_inventory[chromium-standard_user]","tests","2026-10-09","passed","2026-10-09","","test_special_users","",""
"","170","test_product_detail_matches_catalog[chromium-test.allthethings()-t-shirt-(red)]","tests","2026-10-09","passed","2026-10-09","","test_product_detail","",""
"","658","test_authenticated_pages_accessibility[chromium-inventory]","tests","2026-10-09","passed","2026-10-09","","test_accessibility","",""
"","5480","test_product_can_be_removed_from_inventory[firefox-error_user]","tests","2026-10-09","skipped","2026-10-09","","test_special_users","",""
"","2828","test_all_items_link_returns_to_inventory[firefox]","tests","2026-10-09","passed","2026-10-09","","test_session","",""
"","5207","test_login_response_time_within_sla[webkit-performance_glitch_user]","tests","2026-10-09","skipped","2026-10-09","","test_login","",""
"Data-driven negative login scenarios loaded from data/login_cases.json.","210","test_login_rejected[chromium-username-case-sensitive]","tests","2026-10-09","passed","2026-10-09","","test_login","",""
"","269","test_login_response_time_within_sla[chromium-standard_user]","tests","2026-10-09","passed","2026-10-09","","test_login","",""
"","1200","test_logout_returns_to_login_and_clears_session[webkit]","tests","2026-10-09","passed","2026-10-09","","test_session","",""
"","5398","test_order_can_be_completed[chromium-backpack-problem_user]","tests","2026-10-09","skipped","2026-10-09","","test_special_users","",""
"","99","test_sort_products[webkit-name-z-to-a]","tests","2026-10-09","passed","2026-10-09","","test_inventory","",""
"","631","test_deep_link_returns_http_200[firefox]","tests","2026-10-09","skipped","2026-10-09","","test_network","",""
"","87","test_inventory_prices_match_catalog[firefox-performance_glitch_user]","tests","2026-10-09","passed","2026-10-09","","test_special_users","",""
"","356","test_static_assets_served_with_cache_headers[webkit]","tests","2026-10-09","passed","2026-10-09","","test_network","",""
"","159","test_product_detail_matches_catalog[webkit-sauce-labs-bolt-t-shirt]","tests","2026-10-09","passed","2026-10-09","","test_product_detail","",""
"","143","test_inventory_prices_match_catalog[firefox-error_user]","tests","2026-10-09","passed","2026-10-09","","test_special_users","",""
"","420","test_authenticated_pages_accessibility[webkit-inventory]","tests","2026-10-09","passed","2026-10-09","","test_accessibility","",""
"","469","test_login_successful_standard_user[webkit]","tests","2026-10-09","passed","2026-10-09","","test_login","",""
"","82","test_inventory_prices_match_catalog[webkit-performance_glitch_user]","tests","2026-10-09","passed","2026-10-09","","test_special_users","",""
"","525","test_static_assets_served_with_cache_headers[chromium]","tests","2026-10-09","passed","2026-10-09","","test_network","",""
"","3350","test_inventory_looks_like_standard_user[webkit-error_user]","tests","2026-10-09","passed","2026-10-09","","test_visual","",""
"","142","test_sort_products[chromium-price-high-to-low]","tests","2026-10-09","passed","2026-10-09","","test_inventory","",""
"","1350","test_checkout_happy_path[firefox]","tests","2026-10-09","passed","2026-10-09","","test_checkout_happy","",""
"","341","test_every_product_can_be_added_to_cart[chromium-performance_glitch_user]","tests","2026-10-09","passed","2026-10-09","","test_special_users","",""
"","38","test_product_images_are_valid[webkit-error_user]","tests","2026-10-09","passed","2026-10-09","","test_special_users","",""
"","231","test_product_detail_matches_catalog[webkit-test.allthethings()-t-shirt-(red)]","tests","2026-10-09","passed","2026-10-09","","test_product_detail","",""
"","145","test_deep_link_returns_http_200[webkit]","tests","2026-10-09","skipped","2026-10-09","","test_network","",""
"","26","test_overview_shows_payment_and_shipping_info[webkit]","tests","2026-10-09","passed","2026-10-09","","test_checkout_happy","",""
"","935","test_add_to_cart_from_detail_page[firefox]","tests","2026-10-09","passed","2026-10-09","","test_product_detail","",""
"Data-driven negative login scenarios loaded from data/login_cases.json.","205","test_login_rejected[webkit-username-case-sensitive]","tests","2026-10-09","passed","2026-10-09","","test_login","",""
"","5088","test_product_can_be_removed_from_inventory[chromium-error_user]","tests","2026-10-09","skipped","2026-10-09","","test_special_users","",""
"","933","test_complete_purchase_return_to_inventory_after_completion[webkit]","tests","2026-10-09","passed","2026-10-09","","test_complete_purchase_full","",""
"","268","test_protected_route_requires_login[webkit-/checkout-step-one.html]","tests","2026-10-09","passed","2026-10-09","","test_session","",""
"","5609","test_every_product_can_be_added_to_cart[firefox-error_user]","tests","2026-10-09","skipped","2026-10-09","","test_special_users","",""
"Data-driven negative login scenarios loaded from data/login_cases.json.","265","test_login_rejected[chromium-invalid-password]","tests","2026-10-09","passed","2026-10-09","","test_login","",""
"","57","test_order_totals[chromium-all-items]","tests","2026-10-09","passed","2026-10-09","","test_checkout_calculations","",""
"","3005","test_complete_purchase_return_to_inventory_after_completion[firefox]","tests","2026-10-09","passed","2026-10-09","","test_complete_purchase_full","",""
"","444","test_protected_route_requires_login[webkit-/cart.html]","tests","2026-10-09","passed","2026-10-09","","test_session","",""
"","1173","test_complete_purchase_with_item_removal[chromium]","tests","2026-10-09","passed","2026-10-09","","test_complete_purchase_full","",""
"","1423","test_authenticated_pages_accessibility[firefox-cart]","tests","2026-10-09","passed","2026-10-09","","test_accessibility","",""
"","166","test_checkout_required_fields[webkit-all-fields-empty]","tests","2026-10-09","passed","2026-10-09","","test_checkout_negative","",""
"","219","test_checkout_required_fields[webkit-empty-last-name]","tests","2026-10-09","passed","2026-10-09","","test_checkout_negative","",""
"","121","test_sort_by_price_high_to_low[chromium-problem_user]","tests","2026-10-09","skipped","2026-10-09","","test_special_users","",""
"","43","test_inventory_prices_match_catalog[chromium-standard_user]","tests","2026-10-09","passed","2026-10-09","","test_special_users","",""
"","109","test_product_can_be_removed_from_inventory[chromium-performance_glitch_user]","tests","2026-10-09","passed","2026-10-09","","test_special_users","",""
"","251","test_login_page_accessibility[webkit]","tests","2026-10-09","passed","2026-10-09","","test_accessibility","",""
"","767","test_complete_purchase_single_item[chromium]","tests","2026-10-09","passed","2026-10-09","","test_complete_purchase_full","",""
"","377","test_protected_route_requires_login[webkit-/checkout-complete.html]","tests","2026-10-09","passed","2026-10-09","","test_session","",""
"Items added through the UI survive navigating away from and back to the cart.","508","test_cart_persists_items_after_navigation[chromium]","tests","2026-10-09","passed","2026-10-09","","test_cart","",""
"","883","test_protected_route_requires_login[firefox-/checkout-step-two.html]","tests","2026-10-09","passed","2026-10-09","","test_session","",""
"","796","test_cart_state_shared_between_detail_and_inventory[firefox]","tests","2026-10-09","passed","2026-10-09","","test_product_detail","",""
"","2575","test_complete_purchase_with_item_removal[firefox]","tests","2026-10-09","passed","2026-10-09","","test_complete_purchase_full","",""
"","738","test_session_survives_page_reload[firefox]","tests","2026-10-09","passed","2026-10-09","","test_session","",""
"","92","test_inventory_prices_match_catalog[webkit-visual_user]","tests","2026-10-09","skipped","2026-10-09","","test_special_users","",""
"","5266","test_every_product_can_be_added_to_cart[chromium-error_user]","tests","2026-10-09","skipped","2026-10-09","","test_special_users","",""
"","530","test_remove_from_detail_page[webkit]","tests","2026-10-09","passed","2026-10-09","","test_product_detail","",""
"","48","test_order_totals[chromium-two-items]","tests","2026-10-09","passed","2026-10-09","","test_checkout_calculations","",""
"","814","test_complete_purchase_return_to_inventory_after_completion[chromium]","tests","2026-10-09","passed","2026-10-09","","test_complete_purchase_full","",""
"","104","test_inventory_matches_catalog[webkit]","tests","2026-10-09","passed","2026-10-09","","test_inventory","",""
"","608","test_protected_route_requires_login[chromium-/inventory.html]","tests","2026-10-09","passed","2026-10-09","","test_session","",""
"","656","test_authenticated_pages_accessibility[webkit-product-detail]","tests","2026-10-09","passed","2026-10-09","","test_accessibility","",""
"","5096","test_sort_by_price_high_to_low[webkit-performance_glitch_user]","tests","2026-10-09","passed","2026-10-09","","test_special_users","",""
"","736","test_login_successful_all_valid_users[firefox-problem_user]","tests","2026-10-09","passed","2026-10-09","","test_login","",""
"","5235","test_login_response_time_within_sla[chromium-performance_glitch_user]","tests","2026-10-09","skipped","2026-10-09","","test_login","",""
"","359","test_checkout_form_keeps_entered_values[webkit-performance_glitch_user]","tests","2026-10-09","passed","2026-10-09","","test_special_users","",""
"","2034","test_complete_purchase_multiple_items[firefox]","tests","2026-10-09","passed","2026-10-09","","test_complete_purchase_full","",""
"","377","test_session_survives_page_reload[chromium]","tests","2026-10-09","passed","2026-10-09","","test_session","",""
"","2294","test_order_can_be_completed[firefox-backpack-standard_user]","tests","2026-10-09","passed","2026-10-09","","test_special_users","",""
"","97","test_add_single_item_to_cart[chromium]","tests","2026-10-09","passed","2026-10-09","","test_inventory","",""
"","64","test_order_totals[chromium-cheapest-item]","tests","2026-10-09","passed","2026-10-09","","test_checkout_calculations","",""
"","106","test_inventory_prices_match_catalog[chromium-problem_user]","tests","2026-10-09","passed","2026-10-09","","test_special_users","",""
"","284","test_product_detail_matches_catalog[firefox-sauce-labs-onesie]","tests","2026-10-09","passed","2026-10-09","","test_product_detail","",""
"","1532","test_complete_purchase_cheapest_item_after_sorting[firefox]","tests","2026-10-09","passed","2026-10-09","","test_complete_purchase_full","",""
"","270","test_remove_item_from_cart[chromium]","tests","2026-10-09","passed","2026-10-09","","test_cart","",""
"Data-driven negative login scenarios loaded from data/login_cases.json.","242","test_login_rejected[webkit-sql-injection]","tests","2026-10-09","passed","2026-10-09","","test_login","",""
"","1218","test_logout_returns_to_login_and_clears_session[chromium]","tests","2026-10-09","passed","2026-10-09","","test_session","",""
"Saucedemo performs no format validation; these inputs must reach the overview.","758","test_checkout_accepts_unusual_input[firefox-alphabetic-postal-code]","tests","2026-10-09","passed","2026-10-09","","test_checkout_negative","",""
"","423","test_sort_by_price_high_to_low[firefox-error_user]","tests","2026-10-09","skipped","2026-10-09","","test_special_users","",""
"","5668","test_login_successful_all_valid_users[firefox-performance_glitch_user]","tests","2026-10-09","passed","2026-10-09","","test_login","",""
"","142","test_proceed_to_checkout_from_cart[chromium]","tests","2026-10-09","passed","2026-10-09","","test_cart","",""
"Saucedemo performs no format validation; these inputs must reach the overview.","135","test_checkout_accepts_unusual_input[webkit-numeric-names]","tests","2026-10-09","passed","2026-10-09","","test_checkout_negative","",""
"","174","test_login_error_can_be_dismissed[chromium]","tests","2026-10-09","passed","2026-10-09","","test_login","",""
"","165","test_deep_link_returns_http_200[chromium]","tests","2026-10-09","skipped","2026-10-09","","test_network","",""
"","672","test_checkout_required_fields[firefox-empty-postal-code]","tests","2026-10-09","passed","2026-10-09","","test_checkout_negative","",""
"","3503","test_inventory_looks_like_standard_user[webkit-visual_user]","tests","2026-10-09","skipped","2026-10-09","","test_visual","",""
"","185","test_checkout_cancel_from_overview_page[chromium]","tests","2026-10-09","passed","2026-10-09","","test_checkout_negative","",""
"","514","test_authenticated_pages_accessibility[webkit-checkout-info]","tests","2026-10-09","passed","2026-10-09","","test_accessibility","",""
"","1087","test_complete_purchase_multiple_items[webkit]","tests","2026-10-09","passed","2026-10-09","","test_complete_purchase_full","",""
"Data-driven negative login scenarios loaded from data/login_cases.json.","137","test_login_rejected[chromium-empty-password]","tests","2026-10-09","passed","2026-10-09","","test_login","",""
"","250","test_session_survives_page_reload[webkit]","tests","2026-10-09","passed","2026-10-09","","test_session","",""
"","105","test_product_detail_matches_catalog[chromium-sauce-labs-onesie]","tests","2026-10-09","passed","2026-10-09","","test_product_detail","",""
"","377","test_product_can_be_removed_from_inventory[webkit-visual_user]","tests","2026-10-09","passed","2026-10-09","","test_special_users","",""
"","1747","test_checkout_form_keeps_entered_values[firefox-standard_user]","tests","2026-10-09","passed","2026-10-09","","test_special_users","",""
"","537","test_product_can_be_removed_from_inventory[firefox-performance_glitch_user]","tests","2026-10-09","passed","2026-10-09","","test_special_users","",""
"","539","test_proceed_to_checkout_from_cart[firefox]","tests","2026-10-09","passed","2026-10-09","","test_cart","",""
"","903","test_protected_route_requires_login[firefox-/inventory.html]","tests","2026-10-09","passed","2026-10-09","","test_session","",""
"","888","test_every_product_can_be_added_to_cart[firefox-visual_user]","tests","2026-10-09","passed","2026-10-09","","test_special_users","",""
"","304","test_checkout_required_fields[chromium-empty-first-name]","tests","2026-10-09","passed","2026-10-09","","test_checkout_negative","",""
"","84","test_cart_displays_added_items[chromium]","tests","2026-10-09","passed","2026-10-09","","test_cart","",""
"","5242","test_order_can_be_completed[chromium-backpack-error_user]","tests","2026-10-09","skipped","2026-10-09","","test_special_users","",""
"Data-driven negative login scenarios loaded from data/login_cases.json.","1175","test_login_rejected[firefox-username-case-sensitive]","tests","2026-10-09","passed","2026-10-09","","test_login","",""
"","326","test_navigate_to_cart_from_inventory[webkit]","tests","2026-10-09","passed","2026-10-09","","test_inventory","",""
"","114","test_add_single_item_to_cart[webkit]","tests","2026-10-09","passed","2026-10-09","","test_inventory","",""
"","404","test_add_to_cart_from_detail_page[chromium]","tests","2026-10-09","passed","2026-10-09","","test_product_detail","",""
"","338","test_order_can_be_completed[webkit-backpack-performance_glitch_user]","tests","2026-10-09","passed","2026-10-09","","test_special_users","",""
"Data-driven negative login scenarios loaded from data/login_cases.json.","128","test_login_rejected[chromium-empty-username]","tests","2026-10-09","passed","2026-10-09","","test_login","",""
"The shop itself must not produce errors during a purchase.

    Third-party calls (e.g. Saucedemo's telemetry to events.backtrace.io, which
    answers 401 on CI runners) are outside the app under test: they are
    reported in Allure for visibility but do not fail the test.
    ","1514","test_no_console_or_http_errors_during_purchase[webkit]","tests","2026-10-09","passed","2026-10-09","","test_network","",""
"","226","test_sort_products[firefox-price-low-to-high]","tests","2026-10-09","passed","2026-10-09","","test_inventory","",""
"","567","test_login_response_time_within_sla[firefox-problem_user]","tests","2026-10-09","passed","2026-10-09","","test_login","",""
"","769","test_complete_purchase_verify_payment_calculation[chromium]","tests","2026-10-09","passed","2026-10-09","","test_complete_purchase_full","",""
"","74","test_product_images_are_valid[chromium-problem_user]","tests","2026-10-09","skipped","2026-10-09","","test_special_users","",""
"","1060","test_authenticated_pages_accessibility[chromium-cart]","tests","2026-10-09","passed","2026-10-09","","test_accessibility","",""
"","479","test_empty_cart_accessibility[webkit]","tests","2026-10-09","passed","2026-10-09","","test_accessibility","",""
"","547","test_remove_from_detail_page[firefox]","tests","2026-10-09","passed","2026-10-09","","test_product_detail","",""
"","1442","test_complete_purchase_all_items[webkit]","tests","2026-10-09","passed","2026-10-09","","test_complete_purchase_full","",""
"","2876","test_complete_purchase_verify_payment_calculation[firefox]","tests","2026-10-09","passed","2026-10-09","","test_complete_purchase_full","",""
"","51","test_product_images_are_valid[webkit-standard_user]","tests","2026-10-09","passed","2026-10-09","","test_special_users","",""
"","793","test_sort_by_price_high_to_low[firefox-problem_user]","tests","2026-10-09","skipped","2026-10-09","","test_special_users","",""
"","816","test_login_successful_standard_user[firefox]","tests","2026-10-09","passed","2026-10-09","","test_login","",""
"","751","test_complete_purchase_with_international_characters[webkit]","tests","2026-10-09","passed","2026-10-09","","test_complete_purchase_full","",""
"","132","test_sort_by_price_high_to_low[webkit-error_user]","tests","2026-10-09","skipped","2026-10-09","","test_special_users","",""
"","473","test_add_multiple_items_to_cart[firefox]","tests","2026-10-09","passed","2026-10-09","","test_inventory","",""
"","90","test_cart_item_prices_match_catalog[webkit]","tests","2026-10-09","passed","2026-10-09","","test_cart","",""
"","1460","test_checkout_form_keeps_entered_values[firefox-problem_user]","tests","2026-10-09","skipped","2026-10-09","","test_special_users","",""
"","1004","test_remove_item_from_inventory[firefox]","tests","2026-10-09","passed","2026-10-09","","test_inventory","",""
"Saucedemo performs no format validation; these inputs must reach the overview.","803","test_checkout_accepts_unusual_input[firefox-special-characters]","tests","2026-10-09","passed","2026-10-09","","test_checkout_negative","",""
"","5300","test_every_product_can_be_added_to_cart[webkit-problem_user]","tests","2026-10-09","skipped","2026-10-09","","test_special_users","",""
"","239","test_product_detail_matches_catalog[webkit-sauce-labs-backpack]","tests","2026-10-09","passed","2026-10-09","","test_product_detail","",""
"","96","test_cart_item_prices_match_catalog[firefox]","tests","2026-10-09","passed","2026-10-09","","test_cart","",""
"","168","test_sort_by_price_high_to_low[chromium-visual_user]","tests","2026-10-09","skipped","2026-10-09","","test_special_users","",""
"","749","test_protected_route_requires_login[firefox-/checkout-complete.html]","tests","2026-10-09","passed","2026-10-09","","test_session","",""
"","607","test_product_detail_matches_catalog[firefox-test.allthethings()-t-shirt-(red)]","tests","2026-10-09","passed","2026-10-09","","test_product_detail","",""
"","3268","test_reset_app_state_empties_cart[firefox]","tests","2026-10-09","passed","2026-10-09","","test_session","",""
"","474","test_checkout_required_fields[firefox-all-fields-empty]","tests","2026-10-09","passed","2026-10-09","","test_checkout_negative","",""
"Data-driven negative login scenarios loaded from data/login_cases.json.","491","test_login_rejected[firefox-invalid-password]","tests","2026-10-09","passed","2026-10-09","","test_login","",""
"","98","test_cart_badge_updates_after_removal[webkit]","tests","2026-10-09","passed","2026-10-09","","test_cart","",""
"","1286","test_authenticated_pages_accessibility[firefox-product-detail]","tests","2026-10-09","passed","2026-10-09","","test_accessibility","",""
"","1174","test_add_all_items_to_cart[firefox]","tests","2026-10-09","passed","2026-10-09","","test_inventory","",""
"","64","test_product_images_are_valid[chromium-error_user]","tests","2026-10-09","passed","2026-10-09","","test_special_users","",""
"","618","test_cart_state_shared_between_detail_and_inventory[webkit]","tests","2026-10-09","passed","2026-10-09","","test_product_detail","",""
"The shop itself must not produce errors during a purchase.

    Third-party calls (e.g. Saucedemo's telemetry to events.backtrace.io, which
    answers 401 on CI runners) are outside the app under test: they are
    reported in Allure for visibility but do not fail the test.
    ","1428","test_no_console_or_http_errors_during_purchase[chromium]","tests","2026-10-09","passed","2026-10-09","","test_network","",""
"","135","test_product_detail_matches_catalog[chromium-sauce-labs-bolt-t-shirt]","tests","2026-10-09","passed","2026-10-09","","test_product_detail","",""
"Saucedemo performs no format validation; these inputs must reach the overview.","293","test_checkout_accepts_unusual_input[webkit-special-characters]","tests","2026-10-09","passed","2026-10-09","","test_checkout_negative","",""
"","315","test_login_successful_all_valid_users[webkit-standard_user]","tests","2026-10-09","passed","2026-10-09","","test_login","",""
"Data-driven negative login scenarios loaded from data/login_cases.json.","501","test_login_rejected[firefox-invalid-username]","tests","2026-10-09","passed","2026-10-09","","test_login","",""
"","420","test_protected_route_requires_login[webkit-/checkout-step-two.html]","tests","2026-10-09","passed","2026-10-09","","test_session","",""
"","356","test_login_successful_all_valid_users[chromium-problem_user]","tests","2026-10-09","passed","2026-10-09","","test_login","",""
"","3201","test_every_product_can_be_added_to_cart[firefox-performance_glitch_user]","tests","2026-10-09","passed","2026-10-09","","test_special_users","",""
"","5310","test_order_can_be_completed[webkit-backpack-error_user]","tests","2026-10-09","skipped","2026-10-09","","test_special_users","",""
"","336","test_login_successful_all_valid_users[firefox-visual_user]","tests","2026-10-09","passed","2026-10-09","","test_login","",""
"Data-driven negative login scenarios loaded from data/login_cases.json.","274","test_login_rejected[chromium-locked-out-user]","tests","2026-10-09","passed","2026-10-09","","test_login","",""
"","107","test_product_detail_matches_catalog[chromium-sauce-labs-fleece-jacket]","tests","2026-10-09","passed","2026-10-09","","test_product_detail","",""
"","1","test_markdown_report_contains_all_sections","tests.unit","2026-10-09","passed","2026-10-09","","test_failure_analyzer","",""
"Data-driven negative login scenarios loaded from data/login_cases.json.","259","test_login_rejected[chromium-whitespace-padded]","tests","2026-10-09","passed","2026-10-09","","test_login","",""
"","105","test_sort_by_price_high_to_low[webkit-problem_user]","tests","2026-10-09","skipped","2026-10-09","","test_special_users","",""
"","82","test_sort_products[chromium-name-z-to-a]","tests","2026-10-09","passed","2026-10-09","","test_inventory","",""
"","393","test_empty_cart[webkit]","tests","2026-10-09","passed","2026-10-09","","test_cart","",""
"","160","test_checkout_required_fields[webkit-empty-postal-code]","tests","2026-10-09","passed","2026-10-09","","test_checkout_negative","",""
"","614","test_protected_route_requires_login[chromium-/inventory-item.html]","tests","2026-10-09","passed","2026-10-09","","test_session","",""
"","3594","test_inventory_looks_like_standard_user[chromium-visual_user]","tests","2026-10-09","skipped","2026-10-09","","test_visual","",""
"","215","test_sort_products[firefox-name-a-to-z]","tests","2026-10-09","passed","2026-10-09","","test_inventory","",""
"","3232","test_inventory_looks_like_standard_user[chromium-error_user]","tests","2026-10-09","passed","2026-10-09","","test_visual","",""
"","65","test_inventory_matches_catalog[chromium]","tests","2026-10-09","passed","2026-10-09","","test_inventory","",""
"","325","test_checkout_form_keeps_entered_values[webkit-standard_user]","tests","2026-10-09","passed","2026-10-09","","test_special_users","",""
"","1179","test_all_items_link_returns_to_inventory[chromium]","tests","2026-10-09","passed","2026-10-09","","test_session","",""
"","883","test_complete_purchase_single_item[webkit]","tests","2026-10-09","passed","2026-10-09","","test_complete_purchase_full","",""
"","5246","test_every_product_can_be_added_to_cart[webkit-error_user]","tests","2026-10-09","skipped","2026-10-09","","test_special_users","",""
"","1977","test_complete_purchase_single_item[firefox]","tests","2026-10-09","passed","2026-10-09","","test_complete_purchase_full","",""
"","334","test_checkout_form_keeps_entered_values[webkit-problem_user]","tests","2026-10-09","skipped","2026-10-09","","test_special_users","",""
"Data-driven negative login scenarios loaded from data/login_cases.json.","185","test_login_rejected[webkit-invalid-password]","tests","2026-10-09","passed","2026-10-09","","test_login","",""
"Saucedemo allows starting checkout with an empty cart (documented behavior).","785","test_checkout_from_empty_cart[firefox]","tests","2026-10-09","passed","2026-10-09","","test_checkout_negative","",""
"","72","test_order_totals[webkit-cheapest-item]","tests","2026-10-09","passed","2026-10-09","","test_checkout_calculations","",""
"Saucedemo performs no format validation; these inputs must reach the overview.","342","test_checkout_accepts_unusual_input[webkit-very-long-values]","tests","2026-10-09","passed","2026-10-09","","test_checkout_negative","",""
"","816","test_login_page_accessibility[firefox]","tests","2026-10-09","passed","2026-10-09","","test_accessibility","",""
"","1155","test_cart_persists_after_reload[firefox]","tests","2026-10-09","passed","2026-10-09","","test_session","",""
"","94","test_sort_products[webkit-price-high-to-low]","tests","2026-10-09","passed","2026-10-09","","test_inventory","",""
"","10148","test_inventory_looks_like_standard_user[firefox-error_user]","tests","2026-10-09","passed","2026-10-09","","test_visual","",""
"","131","test_sort_products[webkit-price-low-to-high]","tests","2026-10-09","passed","2026-10-09","","test_inventory","",""
"","326","test_login_response_time_within_sla[chromium-visual_user]","tests","2026-10-09","passed","2026-10-09","","test_login","",""
"","417","test_add_multiple_items_to_cart[webkit]","tests","2026-10-09","passed","2026-10-09","","test_inventory","",""
"Data-driven negative login scenarios loaded from data/login_cases.json.","101","test_login_rejected[chromium-sql-injection]","tests","2026-10-09","passed","2026-10-09","","test_login","",""
"","606","test_checkout_form_keeps_entered_values[firefox-error_user]","tests","2026-10-09","skipped","2026-10-09","","test_special_users","",""
"","813","test_every_product_can_be_added_to_cart[webkit-visual_user]","tests","2026-10-09","passed","2026-10-09","","test_special_users","",""
"","322","test_continue_shopping_from_cart[firefox]","tests","2026-10-09","passed","2026-10-09","","test_cart","",""
"","6039","test_login_response_time_within_sla[firefox-performance_glitch_user]","tests","2026-10-09","skipped","2026-10-09","","test_login","",""
"","132","test_cart_displays_added_items[firefox]","tests","2026-10-09","passed","2026-10-09","","test_cart","",""
"","6410","test_order_can_be_completed[firefox-backpack-problem_user]","tests","2026-10-09","skipped","2026-10-09","","test_special_users","",""
"","693","test_protected_route_requires_login[firefox-/inventory-item.html]","tests","2026-10-09","passed","2026-10-09","","test_session","",""
"","407","test_protected_route_requires_login[chromium-/cart.html]","tests","2026-10-09","passed","2026-10-09","","test_session","",""
"","0","test_returns_structured_analysis_and_sends_full_context","tests.unit","2026-10-09","passed","2026-10-09","","test_failure_analyzer","",""
"","54","test_order_totals[webkit-two-items]","tests","2026-10-09","passed","2026-10-09","","test_checkout_calculations","",""
"","110","test_sort_by_price_high_to_low[webkit-standard_user]","tests","2026-10-09","passed","2026-10-09","","test_special_users","",""
"","77","test_all_products_have_valid_prices[webkit]","tests","2026-10-09","passed","2026-10-09","","test_inventory","",""
"","173","test_continue_shopping_from_cart[chromium]","tests","2026-10-09","passed","2026-10-09","","test_cart","",""
"","195","test_sort_by_price_high_to_low[firefox-visual_user]","tests","2026-10-09","skipped","2026-10-09","","test_special_users","",""
"Data-driven negative login scenarios loaded from data/login_cases.json.","107","test_login_rejected[webkit-both-empty]","tests","2026-10-09","passed","2026-10-09","","test_login","",""
"","1158","test_authenticated_pages_accessibility[chromium-product-detail]","tests","2026-10-09","passed","2026-10-09","","test_accessibility","",""
"Items added through the UI survive navigating away from and back to the cart.","763","test_cart_persists_items_after_navigation[webkit]","tests","2026-10-09","passed","2026-10-09","","test_cart","",""
"","760","test_authenticated_pages_accessibility[chromium-checkout-info]","tests","2026-10-09","passed","2026-10-09","","test_accessibility","",""
"","77","test_sort_by_price_high_to_low[webkit-visual_user]","tests","2026-10-09","skipped","2026-10-09","","test_special_users","",""
"","5092","test_product_can_be_removed_from_inventory[chromium-problem_user]","tests","2026-10-09","skipped","2026-10-09","","test_special_users","",""
"","302","test_checkout_form_keeps_entered_values[chromium-visual_user]","tests","2026-10-09","passed","2026-10-09","","test_special_users","",""
"","410","test_remove_from_detail_page[chromium]","tests","2026-10-09","passed","2026-10-09","","test_product_detail","",""
"","45","test_product_images_are_valid[webkit-visual_user]","tests","2026-10-09","skipped","2026-10-09","","test_special_users","",""
"","1117","test_complete_purchase_cheapest_item_after_sorting[webkit]","tests","2026-10-09","passed","2026-10-09","","test_complete_purchase_full","",""
"","352","test_checkout_happy_path[chromium]","tests","2026-10-09","passed","2026-10-09","","test_checkout_happy","",""
"","56","test_overview_shows_payment_and_shipping_info[firefox]","tests","2026-10-09","passed","2026-10-09","","test_checkout_happy","",""
"","1863","test_back_button_after_logout_does_not_restore_session[firefox]","tests","2026-10-09","passed","2026-10-09","","test_session","",""
"Data-driven negative login scenarios loaded from data/login_cases.json.","301","test_login_rejected[firefox-whitespace-padded]","tests","2026-10-09","passed","2026-10-09","","test_login","",""
"","64","test_cart_item_prices_match_catalog[chromium]","tests","2026-10-09","passed","2026-10-09","","test_cart","",""
"","173","test_navigate_to_cart_from_inventory[chromium]","tests","2026-10-09","passed","2026-10-09","","test_inventory","",""
"","1344","test_complete_purchase_all_items[chromium]","tests","2026-10-09","passed","2026-10-09","","test_complete_purchase_full","",""
"","81","test_product_images_are_valid[webkit-problem_user]","tests","2026-10-09","skipped","2026-10-09","","test_special_users","",""
"","256","test_login_successful_all_valid_users[webkit-problem_user]","tests","2026-10-09","passed","2026-10-09","","test_login","",""
"","106","test_checkout_cancel_from_info_page[webkit]","tests","2026-10-09","passed","2026-10-09","","test_checkout_negative","",""
"","294","test_login_response_time_within_sla[chromium-problem_user]","tests","2026-10-09","passed","2026-10-09","","test_login","",""
"Data-driven negative login scenarios loaded from data/login_cases.json.","459","test_login_rejected[firefox-locked-out-user]","tests","2026-10-09","passed","2026-10-09","","test_login","",""
"","848","test_complete_purchase_cheapest_item_after_sorting[chromium]","tests","2026-10-09","passed","2026-10-09","","test_complete_purchase_full","",""
"","186","test_product_detail_matches_catalog[webkit-sauce-labs-bike-light]","tests","2026-10-09","passed","2026-10-09","","test_product_detail","",""
"","384","test_product_detail_matches_catalog[firefox-sauce-labs-bike-light]","tests","2026-10-09","passed","2026-10-09","","test_product_detail","",""
"","123","test_proceed_to_checkout_from_cart[webkit]","tests","2026-10-09","passed","2026-10-09","","test_cart","",""
"","202","test_empty_cart[chromium]","tests","2026-10-09","passed","2026-10-09","","test_cart","",""
"","147","test_order_totals[firefox-most-expensive-item]","tests","2026-10-09","passed","2026-10-09","","test_checkout_calculations","",""
"Data-driven negative login scenarios loaded from data/login_cases.json.","134","test_login_rejected[webkit-empty-username]","tests","2026-10-09","passed","2026-10-09","","test_login","",""
"","553","test_every_product_can_be_added_to_cart[chromium-visual_user]","tests","2026-10-09","passed","2026-10-09","","test_special_users","",""
"","613","test_order_can_be_completed[chromium-backpack-visual_user]","tests","2026-10-09","passed","2026-10-09","","test_special_users","",""
"","2037","test_authenticated_pages_accessibility[firefox-checkout-info]","tests","2026-10-09","passed","2026-10-09","","test_accessibility","",""
"","56","test_inventory_prices_match_catalog[chromium-performance_glitch_user]","tests","2026-10-09","passed","2026-10-09","","test_special_users","",""
"","476","test_cart_persists_after_reload[webkit]","tests","2026-10-09","passed","2026-10-09","","test_session","",""
"","175","test_login_successful_all_valid_users[chromium-visual_user]","tests","2026-10-09","passed","2026-10-09","","test_login","",""
"","60","test_product_images_are_valid[chromium-standard_user]","tests","2026-10-09","passed","2026-10-09","","test_special_users","",""
"Saucedemo performs no format validation; these inputs must reach the overview.","155","test_checkout_accepts_unusual_input[chromium-numeric-names]","tests","2026-10-09","passed","2026-10-09","","test_checkout_negative","",""
"","174","test_product_can_be_removed_from_inventory[webkit-standard_user]","tests","2026-10-09","passed","2026-10-09","","test_special_users","",""
"","685","test_login_response_time_within_sla[firefox-error_user]","tests","2026-10-09","passed","2026-10-09","","test_login","",""
"","1140","test_complete_purchase_multiple_items[chromium]","tests","2026-10-09","passed","2026-10-09","","test_complete_purchase_full","",""
"","378","test_empty_cart[firefox]","tests","2026-10-09","passed","2026-10-09","","test_cart","",""
"","231","test_product_can_be_removed_from_inventory[webkit-performance_glitch_user]","tests","2026-10-09","passed","2026-10-09","","test_special_users","",""
"","1195","test_empty_cart_accessibility[firefox]","tests","2026-10-09","passed","2026-10-09","","test_accessibility","",""
"","1279","test_logout_returns_to_login_and_clears_session[firefox]","tests","2026-10-09","passed","2026-10-09","","test_session","",""
"","1920","test_reset_app_state_empties_cart[webkit]","tests","2026-10-09","passed","2026-10-09","","test_session","",""
"","159","test_remove_item_from_cart[webkit]","tests","2026-10-09","passed","2026-10-09","","test_cart","",""
"Saucedemo performs no format validation; these inputs must reach the overview.","302","test_checkout_accepts_unusual_input[webkit-alphabetic-postal-code]","tests","2026-10-09","passed","2026-10-09","","test_checkout_negative","",""
"","1323","test_complete_purchase_with_item_removal[webkit]","tests","2026-10-09","passed","2026-10-09","","test_complete_purchase_full","",""
"","137","test_sort_by_price_high_to_low[firefox-standard_user]","tests","2026-10-09","passed","2026-10-09","","test_special_users","",""
"","5801","test_every_product_can_be_added_to_cart[firefox-problem_user]","tests","2026-10-09","skipped","2026-10-09","","test_special_users","",""
"","20376","test_inventory_looks_like_standard_user[firefox-visual_user]","tests","2026-10-09","skipped","2026-10-09","","test_visual","",""
"","262","test_remove_all_items_from_cart[chromium]","tests","2026-10-09","passed","2026-10-09","","test_cart","",""
"","436","test_remove_item_from_inventory[webkit]","tests","2026-10-09","passed","2026-10-09","","test_inventory","",""
"","46","test_inventory_prices_match_catalog[chromium-error_user]","tests","2026-10-09","passed","2026-10-09","","test_special_users","",""
"","640","test_authenticated_pages_accessibility[webkit-cart]","tests","2026-10-09","passed","2026-10-09","","test_accessibility","",""
"The shop must stay usable when images fail to load (slow CDN, data saver).","3828","test_purchase_works_with_images_blocked[firefox]","tests","2026-10-09","passed","2026-10-09","","test_network","",""
"","855","test_back_button_after_logout_does_not_restore_session[webkit]","tests","2026-10-09","passed","2026-10-09","","test_session","",""
"","93","test_product_images_are_valid[firefox-standard_user]","tests","2026-10-09","passed","2026-10-09","","test_special_users","",""
"","645","test_add_all_items_to_cart[webkit]","tests","2026-10-09","passed","2026-10-09","","test_inventory","",""
"","96","test_order_totals[chromium-most-expensive-item]","tests","2026-10-09","passed","2026-10-09","","test_checkout_calculations","",""
"Data-driven negative login scenarios loaded from data/login_cases.json.","505","test_login_rejected[firefox-sql-injection]","tests","2026-10-09","passed","2026-10-09","","test_login","",""
"Data-driven negative login scenarios loaded from data/login_cases.json.","229","test_login_rejected[webkit-whitespace-padded]","tests","2026-10-09","passed","2026-10-09","","test_login","",""
"","594","test_add_all_items_to_cart[chromium]","tests","2026-10-09","passed","2026-10-09","","test_inventory","",""
"","64","test_sort_products[chromium-name-a-to-z]","tests","2026-10-09","passed","2026-10-09","","test_inventory","",""
"","18658","test_inventory_looks_like_standard_user[firefox-performance_glitch_user]","tests","2026-10-09","passed","2026-10-09","","test_visual","",""
"","5224","test_every_product_can_be_added_to_cart[chromium-problem_user]","tests","2026-10-09","skipped","2026-10-09","","test_special_users","",""
"","263","test_login_response_time_within_sla[webkit-standard_user]","tests","2026-10-09","passed","2026-10-09","","test_login","",""
"","1","test_refusal_returns_none","tests.unit","2026-10-09","passed","2026-10-09","","test_failure_analyzer","",""
"","636","test_checkout_form_keeps_entered_values[firefox-visual_user]","tests","2026-10-09","passed","2026-10-09","","test_special_users","",""
"","1325","test_all_items_link_returns_to_inventory[webkit]","tests","2026-10-09","passed","2026-10-09","","test_session","",""
"","13823","test_inventory_looks_like_standard_user[webkit-performance_glitch_user]","tests","2026-10-09","passed","2026-10-09","","test_visual","",""
"","75","test_inventory_prices_match_catalog[webkit-error_user]","tests","2026-10-09","passed","2026-10-09","","test_special_users","",""
"","213","test_checkout_required_fields[webkit-empty-first-name]","tests","2026-10-09","passed","2026-10-09","","test_checkout_negative","",""
"","281","test_order_totals[firefox-cheapest-item]","tests","2026-10-09","passed","2026-10-09","","test_checkout_calculations","",""
"","137","test_cart_badge_updates_after_removal[chromium]","tests","2026-10-09","passed","2026-10-09","","test_cart","",""
"Saucedemo allows starting checkout with an empty cart (documented behavior).","372","test_checkout_from_empty_cart[webkit]","tests","2026-10-09","passed","2026-10-09","","test_checkout_negative","",""
"","651","test_order_can_be_completed[chromium-backpack-standard_user]","tests","2026-10-09","passed","2026-10-09","","test_special_users","",""
"","1279","test_back_button_after_logout_does_not_restore_session[chromium]","tests","2026-10-09","passed","2026-10-09","","test_session","",""
"","300","test_login_response_time_within_sla[webkit-visual_user]","tests","2026-10-09","passed","2026-10-09","","test_login","",""
"","1139","test_every_product_can_be_added_to_cart[firefox-standard_user]","tests","2026-10-09","passed","2026-10-09","","test_special_users","",""
"Data-driven negative login scenarios loaded from data/login_cases.json.","115","test_login_rejected[chromium-both-empty]","tests","2026-10-09","passed","2026-10-09","","test_login","",""
"","2420","test_complete_purchase_all_items[firefox]","tests","2026-10-09","passed","2026-10-09","","test_complete_purchase_full","",""
"Saucedemo performs no format validation; these inputs must reach the overview.","1044","test_checkout_accepts_unusual_input[firefox-very-long-values]","tests","2026-10-09","passed","2026-10-09","","test_checkout_negative","",""
"","604","test_checkout_happy_path[webkit]","tests","2026-10-09","passed","2026-10-09","","test_checkout_happy","",""
"Data-driven negative login scenarios loaded from data/login_cases.json.","198","test_login_rejected[chromium-invalid-username]","tests","2026-10-09","passed","2026-10-09","","test_login","",""
"","1","test_system_prompt_is_static_for_prompt_caching","tests.unit","2026-10-09","passed","2026-10-09","","test_failure_analyzer","",""
"","617","test_detail_page_direct_link[firefox]","tests","2026-10-09","passed","2026-10-09","","test_product_detail","",""
"","198","test_product_detail_matches_catalog[chromium-sauce-labs-backpack]","tests","2026-10-09","passed","2026-10-09","","test_product_detail","",""
"","178","test_checkout_form_keeps_entered_values[chromium-error_user]","tests","2026-10-09","skipped","2026-10-09","","test_special_users","",""
"","1","test_stops_after_session_budget","tests.unit","2026-10-09","passed","2026-10-09","","test_failure_analyzer","",""
"","695","test_login_response_time_within_sla[firefox-visual_user]","tests","2026-10-09","passed","2026-10-09","","test_login","",""
"","101","test_product_images_are_valid[firefox-error_user]","tests","2026-10-09","passed","2026-10-09","","test_special_users","",""
"Data-driven negative login scenarios loaded from data/login_cases.json.","282","test_login_rejected[firefox-empty-username]","tests","2026-10-09","passed","2026-10-09","","test_login","",""
"","167","test_checkout_required_fields[chromium-all-fields-empty]","tests","2026-10-09","passed","2026-10-09","","test_checkout_negative","",""
"","211","test_product_can_be_removed_from_inventory[firefox-visual_user]","tests","2026-10-09","passed","2026-10-09","","test_special_users","",""
"","5253","test_login_successful_all_valid_users[chromium-performance_glitch_user]","tests","2026-10-09","passed","2026-10-09","","test_login","",""
"","462","test_login_successful_standard_user[chromium]","tests","2026-10-09","passed","2026-10-09","","test_login","",""
"","467","test_cart_persists_after_reload[chromium]","tests","2026-10-09","passed","2026-10-09","","test_session","",""
"","90","test_product_images_are_valid[webkit-performance_glitch_user]","tests","2026-10-09","passed","2026-10-09","","test_special_users","",""
"","569","test_sort_products[firefox-name-z-to-a]","tests","2026-10-09","passed","2026-10-09","","test_inventory","",""
"","89","test_sort_by_price_high_to_low[chromium-standard_user]","tests","2026-10-09","passed","2026-10-09","","test_special_users","",""
"","201","test_sort_products[chromium-price-low-to-high]","tests","2026-10-09","passed","2026-10-09","","test_inventory","",""
"","299","test_cart_badge_updates_after_removal[firefox]","tests","2026-10-09","passed","2026-10-09","","test_cart","",""
"","521","test_every_product_can_be_added_to_cart[chromium-standard_user]","tests","2026-10-09","passed","2026-10-09","","test_special_users","",""
"","1631","test_complete_purchase_with_international_characters[firefox]","tests","2026-10-09","passed","2026-10-09","","test_complete_purchase_full","",""
"","325","test_product_detail_matches_catalog[firefox-sauce-labs-fleece-jacket]","tests","2026-10-09","passed","2026-10-09","","test_product_detail","",""
"Data-driven negative login scenarios loaded from data/login_cases.json.","261","test_login_rejected[webkit-invalid-username]","tests","2026-10-09","passed","2026-10-09","","test_login","",""
"","378","test_login_error_can_be_dismissed[firefox]","tests","2026-10-09","passed","2026-10-09","","test_login","",""
"","5320","test_order_can_be_completed[webkit-backpack-problem_user]","tests","2026-10-09","skipped","2026-10-09","","test_special_users","",""
"","363","test_remove_item_from_cart[firefox]","tests","2026-10-09","passed","2026-10-09","","test_cart","",""
"","404","test_cart_state_shared_between_detail_and_inventory[chromium]","tests","2026-10-09","passed","2026-10-09","","test_product_detail","",""
"","831","test_login_response_time_within_sla[firefox-standard_user]","tests","2026-10-09","passed","2026-10-09","","test_login","",""
"","513","test_login_page_accessibility[chromium]","tests","2026-10-09","passed","2026-10-09","","test_accessibility","",""
"","898","test_static_assets_served_with_cache_headers[firefox]","tests","2026-10-09","passed","2026-10-09","","test_network","",""
"","271","test_add_multiple_items_to_cart[chromium]","tests","2026-10-09","passed","2026-10-09","","test_inventory","",""
"","352","test_product_detail_matches_catalog[firefox-sauce-labs-bolt-t-shirt]","tests","2026-10-09","passed","2026-10-09","","test_product_detail","",""
"","73","test_inventory_prices_match_catalog[chromium-visual_user]","tests","2026-10-09","skipped","2026-10-09","","test_special_users","",""
"","739","test_complete_purchase_with_international_characters[chromium]","tests","2026-10-09","passed","2026-10-09","","test_complete_purchase_full","",""
"","5112","test_sort_by_price_high_to_low[chromium-performance_glitch_user]","tests","2026-10-09","passed","2026-10-09","","test_special_users","",""
"Items added through the UI survive navigating away from and back to the cart.","1292","test_cart_persists_items_after_navigation[firefox]","tests","2026-10-09","passed","2026-10-09","","test_cart","",""
"The shop must stay usable when images fail to load (slow CDN, data saver).","2401","test_purchase_works_with_images_blocked[webkit]","tests","2026-10-09","passed","2026-10-09","","test_network","",""
"","13369","test_inventory_looks_like_standard_user[chromium-performance_glitch_user]","tests","2026-10-09","passed","2026-10-09","","test_visual","",""
"","204","test_checkout_form_keeps_entered_values[chromium-standard_user]","tests","2026-10-09","passed","2026-10-09","","test_special_users","",""
"","2777","test_reset_app_state_empties_cart[chromium]","tests","2026-10-09","passed","2026-10-09","","test_session","",""
"","555","test_login_successful_all_valid_users[firefox-error_user]","tests","2026-10-09","passed","2026-10-09","","test_login","",""
"Data-driven negative login scenarios loaded from data/login_cases.json.","405","test_login_rejected[firefox-both-empty]","tests","2026-10-09","passed","2026-10-09","","test_login","",""
"","170","test_login_successful_all_valid_users[chromium-error_user]","tests","2026-10-09","passed","2026-10-09","","test_login","",""
"","196","test_login_response_time_within_sla[chromium-error_user]","tests","2026-10-09","passed","2026-10-09","","test_login","",""
"","94","test_order_totals[webkit-most-expensive-item]","tests","2026-10-09","passed","2026-10-09","","test_checkout_calculations","",""
"","77","test_inventory_prices_match_catalog[webkit-problem_user]","tests","2026-10-09","passed","2026-10-09","","test_special_users","",""
"","5187","test_product_can_be_removed_from_inventory[webkit-error_user]","tests","2026-10-09","skipped","2026-10-09","","test_special_users","",""
"","88","test_sort_products[webkit-name-a-to-z]","tests","2026-10-09","passed","2026-10-09","","test_inventory","",""
"","352","test_login_error_can_be_dismissed[webkit]","tests","2026-10-09","passed","2026-10-09","","test_login","",""
"Saucedemo allows starting checkout with an empty cart (documented behavior).","338","test_checkout_from_empty_cart[chromium]","tests","2026-10-09","passed","2026-10-09","","test_checkout_negative","",""
"","205","test_product_detail_matches_catalog[chromium-sauce-labs-bike-light]","tests","2026-10-09","passed","2026-10-09","","test_product_detail","",""
"","179","test_product_images_are_valid[firefox-problem_user]","tests","2026-10-09","skipped","2026-10-09","","test_special_users","",""
"","622","test_order_can_be_completed[webkit-backpack-visual_user]","tests","2026-10-09","passed","2026-10-09","","test_special_users","",""
"","458","test_checkout_cancel_from_overview_page[firefox]","tests","2026-10-09","passed","2026-10-09","","test_checkout_negative","",""
"","469","test_protected_route_requires_login[webkit-/inventory-item.html]","tests","2026-10-09","passed","2026-10-09","","test_session","",""
"","707","test_order_can_be_completed[webkit-backpack-standard_user]","tests","2026-10-09","passed","2026-10-09","","test_special_users","",""
"","656","test_every_product_can_be_added_to_cart[webkit-standard_user]","tests","2026-10-09","passed","2026-10-09","","test_special_users","",""
"","850","test_checkout_required_fields[firefox-empty-first-name]","tests","2026-10-09","passed","2026-10-09","","test_checkout_negative","",""
"The shop itself must not produce errors during a purchase.

    Third-party calls (e.g. Saucedemo's telemetry to events.backtrace.io, which
    answers 401 on CI runners) are outside the app under test: they are
    reported in Allure for visibility but do not fail the test.
    ","2809","test_no_console_or_http_errors_during_purchase[firefox]","tests","2026-10-09","passed","2026-10-09","","test_network","",""
"","488","test_protected_route_requires_login[webkit-/inventory.html]","tests","2026-10-09","passed","2026-10-09","","test_session","",""
"","77","test_product_images_are_valid[firefox-visual_user]","tests","2026-10-09","skipped","2026-10-09","","test_special_users","",""
"","173","test_continue_shopping_from_cart[webkit]","tests","2026-10-09","passed","2026-10-09","","test_cart","",""
"","189","test_product_can_be_removed_from_inventory[chromium-visual_user]","tests","2026-10-09","passed","2026-10-09","","test_special_users","",""
"","811","test_checkout_required_fields[firefox-empty-last-name]","tests","2026-10-09","passed","2026-10-09","","test_checkout_negative","",""
"","122","test_inventory_matches_catalog[firefox]","tests","2026-10-09","passed","2026-10-09","","test_inventory","",""
"","5577","test_product_can_be_removed_from_inventory[firefox-problem_user]","tests","2026-10-09","skipped","2026-10-09","","test_special_users","",""
"","124","test_inventory_prices_match_catalog[firefox-visual_user]","tests","2026-10-09","skipped","2026-10-09","","test_special_users","",""
"","1081","test_order_can_be_completed[firefox-backpack-visual_user]","tests","2026-10-09","passed","2026-10-09","","test_special_users","",""
"","283","test_checkout_form_keeps_entered_values[webkit-visual_user]","tests","2026-10-09","passed","2026-10-09","","test_special_users","",""
"","263","test_login_response_time_within_sla[webkit-problem_user]","tests","2026-10-09","passed","2026-10-09","","test_login","",""
"","1228","test_authenticated_pages_accessibility[firefox-inventory]","tests","2026-10-09","passed","2026-10-09","","test_accessibility","",""
"","125","test_inventory_prices_match_catalog[firefox-standard_user]","tests","2026-10-09","passed","2026-10-09","","test_special_users","",""
"Saucedemo performs no format validation; these inputs must reach the overview.","144","test_checkout_accepts_unusual_input[chromium-alphabetic-postal-code]","tests","2026-10-09","passed","2026-10-09","","test_checkout_negative","",""
"","242","test_sort_products[firefox-price-high-to-low]","tests","2026-10-09","passed","2026-10-09","","test_inventory","",""
"Data-driven negative login scenarios loaded from data/login_cases.json.","267","test_login_rejected[webkit-locked-out-user]","tests","2026-10-09","passed","2026-10-09","","test_login","",""
"","174","test_checkout_required_fields[chromium-empty-last-name]","tests","2026-10-09","passed","2026-10-09","","test_checkout_negative","",""
"","159","test_checkout_required_fields[chromium-empty-postal-code]","tests","2026-10-09","passed","2026-10-09","","test_checkout_negative","",""
"","749","test_empty_cart_accessibility[chromium]","tests","2026-10-09","passed","2026-10-09","","test_accessibility","",""
"","4482","test_inventory_looks_like_standard_user[webkit-problem_user]","tests","2026-10-09","skipped","2026-10-09","","test_visual","",""
"","160","test_login_response_time_within_sla[webkit-error_user]","tests","2026-10-09","passed","2026-10-09","","test_login","",""
"","217","test_remove_all_items_from_cart[webkit]","tests","2026-10-09","passed","2026-10-09","","test_cart","",""
"","21","test_overview_shows_payment_and_shipping_info[chromium]","tests","2026-10-09","passed","2026-10-09","","test_checkout_happy","",""
"","66","test_order_totals[webkit-all-items]","tests","2026-10-09","passed","2026-10-09","","test_checkout_calculations","",""
"Saucedemo performs no format validation; these inputs must reach the overview.","754","test_checkout_accepts_unusual_input[firefox-numeric-names]","tests","2026-10-09","passed","2026-10-09","","test_checkout_negative","",""
"","202","test_order_totals[firefox-two-items]","tests","2026-10-09","passed","2026-10-09","","test_checkout_calculations","",""
"","3945","test_inventory_looks_like_standard_user[chromium-problem_user]","tests","2026-10-09","skipped","2026-10-09","","test_visual","",""
"","5137","test_product_can_be_removed_from_inventory[webkit-problem_user]","tests","2026-10-09","skipped","2026-10-09","","test_special_users","",""
"","163","test_all_products_have_valid_prices[firefox]","tests","2026-10-09","passed","2026-10-09","","test_inventory","",""
"","381","test_checkout_form_keeps_entered_values[webkit-error_user]","tests","2026-10-09","skipped","2026-10-09","","test_special_users","",""
"","1492","test_order_totals[firefox-all-items]","tests","2026-10-09","passed","2026-10-09","","test_checkout_calculations","",""
"","368","test_checkout_form_keeps_entered_values[firefox-performance_glitch_user]","tests","2026-10-09","passed","2026-10-09","","test_special_users","",""
"","1916","test_order_can_be_completed[firefox-backpack-performance_glitch_user]","tests","2026-10-09","passed","2026-10-09","","test_special_users","",""
